distance_um,data_rate_bps
25,0.04957
50,0.049505
75,0.0495075
100,0.049502500000000005
125,0.049515
150,0.0495275
175,0.049522500000000004
200,0.049502500000000005
225,0.04951
250,0.049515
