dist,ser,snr,ci,ci_low,ci_high,n_err,n_sym,min_measurable_ser,snr_db
50,0.0,4915.888459420117,0.006361701013700713,0.0,0.006361701013700713,0,600,0.008333333333333333,36.916020202665095
100,0.0,549.1493645468605,0.006361701013700713,0.0,0.006361701013700713,0,600,0.008333333333333333,27.396904853897265
175,0.03166666666666667,11.970795198443357,0.017260548463847863,0.020364911485651817,0.04892721513051453,19,600,0.008333333333333333,10.781230007677484
