{
  "nm_range": [
    200.0,
    500.0,
    1000.0,
    2000.0,
    5000.0,
    10000.0,
    20000.0,
    50000.0,
    100000.0
  ],
  "ser": [
    0.395,
    0.27,
    0.095,
    0.025,
    0.0,
    0.0,
    0.0,
    0.0,
    0.0
  ],
  "snr": [
    0.18714938569127348,
    1.027403012345645,
    6.007755795252255,
    22.78768240846381,
    131.98350456023627,
    501.8221366696603,
    1884.6166618682955,
    8800.620113817771,
    19879.354705939557
  ]
}