nm,ser,snr,ci,ci_low,ci_high,n_err,n_sym,min_measurable_ser,snr_db
1000.0,0.125,5.6216100580684225,0.028871526886713766,0.10089974887356176,0.15387152688671377,75,600,0.008333333333333333,7.498607175605604
10000.0,0.0,549.1493645468605,0.006361701013700713,0.0,0.006361701013700713,0,600,0.008333333333333333,27.396904853897265
