nm_value,ser,snr_db,num_runs
200.0,0.5,0.18420932019740957,1
500.0,0.5,0.18420932019740957,1
1000.0,0.5,0.18420932019740957,1
2000.0,0.5,0.18420932019740957,1
5000.0,0.5,0.18420932019740957,1
10000.0,0.5,0.18420932019740957,1
20000.0,0.5,0.18420932019740957,1
50000.0,0.5,0.18420932019740957,1
100000.0,0.5,0.18420932019740957,1
